{
  "properties": {
    "connectionReferences": {
      "shared_office365groups_1": {
        "runtimeSource": "invoker",
        "connection": {
          "connectionReferenceLogicalName": "maboej_bootcampOffice365Groups"
        },
        "api": {
          "name": "shared_office365groups"
        }
      },
      "shared_office365_1": {
        "runtimeSource": "invoker",
        "connection": {
          "connectionReferenceLogicalName": "maboej_bootcampOffice365Outlook"
        },
        "api": {
          "name": "shared_office365"
        }
      }
    },
    "definition": {
      "$schema": "https://schema.management.azure.com/providers/Microsoft.Logic/schemas/2016-06-01/workflowdefinition.json#",
      "contentVersion": "1.0.0.0",
      "parameters": {
        "$connections": {
          "defaultValue": {},
          "type": "Object"
        },
        "$authentication": {
          "defaultValue": {},
          "type": "SecureObject"
        }
      },
      "triggers": {
        "manual": {
          "metadata": {
            "operationMetadataId": "5f5c6ef4-592c-4a74-9168-65a304b5b5df"
          },
          "type": "Request",
          "kind": "Button",
          "inputs": {
            "schema": {
              "type": "object",
              "properties": {},
              "required": []
            }
          }
        }
      },
      "actions": {
        "Initialize_variable_-_Flow_Owner_(e-mail)": {
          "runAfter": {},
          "metadata": {
            "operationMetadataId": "78d8c1eb-180b-4704-be1b-b89d374735b9"
          },
          "type": "InitializeVariable",
          "inputs": {
            "variables": [
              {
                "name": "FlowOwnerEmail",
                "type": "string",
                "value": "poweradmin@maboejtest.onmicrosoft.com"
              }
            ]
          }
        },
        "Try": {
          "actions": {
            "Send_an_HTTP_request_V2": {
              "runAfter": {},
              "metadata": {
                "operationMetadataId": "70a932a4-8afe-4640-9d35-82d47c1be840"
              },
              "type": "OpenApiConnection",
              "inputs": {
                "host": {
                  "connectionName": "shared_office365groups_1",
                  "operationId": "HttpRequestV2",
                  "apiId": "/providers/Microsoft.PowerApps/apis/shared_office365groups"
                },
                "parameters": {
                  "Uri": "https://graph.microsoft.com/v1.0/test",
                  "Method": "GET",
                  "ContentType": "application/json"
                },
                "authentication": {
                  "type": "Raw",
                  "value": "@json(decodeBase64(triggerOutputs().headers['X-MS-APIM-Tokens']))['$ConnectionKey']"
                }
              }
            }
          },
          "runAfter": {
            "Initialize_variable_-_Flow_Owner_(e-mail)": [
              "Succeeded"
            ]
          },
          "metadata": {
            "operationMetadataId": "94aa58d9-5646-4b3f-bc26-744f3b78df2d"
          },
          "type": "Scope"
        },
        "Catch": {
          "actions": {
            "Filter_array": {
              "runAfter": {},
              "metadata": {
                "operationMetadataId": "53f96066-3db2-47f2-8732-2b2059105501"
              },
              "type": "Query",
              "inputs": {
                "from": "@result('Try')",
                "where": "@or(equals(item()?['Status'], 'Failed'), equals(item()?['Status'], 'TimedOut'))"
              }
            },
            "Create_HTML_Table_": {
              "runAfter": {
                "Filter_array": [
                  "Succeeded"
                ]
              },
              "metadata": {
                "operationMetadataId": "57ef8af9-ba21-467b-8e7c-fc44e542b8ec"
              },
              "type": "Table",
              "inputs": {
                "from": "@body('Filter_array')",
                "format": "HTML",
                "columns": [
                  {
                    "header": "Action",
                    "value": "@item()?['name']"
                  },
                  {
                    "header": "Status",
                    "value": "@item()?['Status']"
                  },
                  {
                    "header": "ErrorMessage",
                    "value": "@item()?['error']?['message']"
                  }
                ]
              }
            },
            "Send_an_email": {
              "runAfter": {
                "Create_HTML_Table_": [
                  "Succeeded"
                ]
              },
              "metadata": {
                "operationMetadataId": "eade010a-fb0f-445d-8e9b-af5221d324e3"
              },
              "type": "OpenApiConnection",
              "inputs": {
                "host": {
                  "connectionName": "shared_office365_1",
                  "operationId": "SendEmailV2",
                  "apiId": "/providers/Microsoft.PowerApps/apis/shared_office365"
                },
                "parameters": {
                  "emailMessage/To": "@variables('FlowOwnerEmail')",
                  "emailMessage/Subject": "Flow Failed (@{workflow()?['tags/flowDisplayName']})",
                  "emailMessage/Body": "<style>\ntable, td, th {  \n  border: 1px solid #ddd;\n  text-align: left;\n}\n\ntable {\n  border-collapse: collapse;\n  width: 100%;\n}\n\nth, td {\n  padding: 15px;\n}\n</style>\n<p>@{body('Create_HTML_Table_')}</p>\n<a href='@{concat('https://make.powerautomate.com/environments/', workflow()?['tags']['environmentName'], '/flows/', workflow()?['name'], '/runs/', workflow()?['run']['name'])}'>Check flow Run</a>\n<br>\nFlow run user: @{triggerOutputs()['headers']['x-ms-user-email'] }",
                  "emailMessage/Importance": "Normal"
                },
                "authentication": {
                  "type": "Raw",
                  "value": "@json(decodeBase64(triggerOutputs().headers['X-MS-APIM-Tokens']))['$ConnectionKey']"
                }
              }
            },
            "Terminate": {
              "runAfter": {
                "Send_an_email": [
                  "Succeeded"
                ]
              },
              "metadata": {
                "operationMetadataId": "2f9a2cf9-bad8-4c87-9a2f-e27b1239a1b3"
              },
              "type": "Terminate",
              "inputs": {
                "runStatus": "Failed"
              }
            }
          },
          "runAfter": {
            "Try": [
              "Failed",
              "TimedOut"
            ]
          },
          "metadata": {
            "operationMetadataId": "0e9c997c-1e70-4ff3-bb65-d1ec010922a9"
          },
          "type": "Scope"
        }
      }
    },
    "templateName": ""
  },
  "schemaVersion": "1.0.0.0"
}