{
  "properties": {
    "connectionReferences": {
      "shared_sharepointonline_1": {
        "runtimeSource": "invoker",
        "connection": {
          "connectionReferenceLogicalName": "maboej_bootcampSharepoint"
        },
        "api": {
          "name": "shared_sharepointonline"
        }
      },
      "shared_office365_1": {
        "runtimeSource": "invoker",
        "connection": {
          "connectionReferenceLogicalName": "maboej_bootcampOffice365Outlook"
        },
        "api": {
          "name": "shared_office365"
        }
      }
    },
    "definition": {
      "$schema": "https://schema.management.azure.com/providers/Microsoft.Logic/schemas/2016-06-01/workflowdefinition.json#",
      "contentVersion": "1.0.0.0",
      "parameters": {
        "$connections": {
          "defaultValue": {},
          "type": "Object"
        },
        "$authentication": {
          "defaultValue": {},
          "type": "SecureObject"
        }
      },
      "triggers": {
        "manual": {
          "metadata": {
            "operationMetadataId": "de4dd9b1-510e-466f-8ff6-1e542d5683f1"
          },
          "type": "Request",
          "kind": "Button",
          "inputs": {
            "schema": {
              "type": "object",
              "properties": {},
              "required": []
            }
          }
        }
      },
      "actions": {
        "Get_items": {
          "runAfter": {},
          "metadata": {
            "operationMetadataId": "cd6bbb0f-114f-4941-b655-33ef0520f48b"
          },
          "type": "OpenApiConnection",
          "inputs": {
            "host": {
              "connectionName": "shared_sharepointonline_1",
              "operationId": "GetItems",
              "apiId": "/providers/Microsoft.PowerApps/apis/shared_sharepointonline"
            },
            "parameters": {
              "dataset": "https://maboejtest.sharepoint.com/sites/PowerWorkshop",
              "table": "c3f4a2b0-0ef1-4624-b6a8-04c1a4cba5c5"
            },
            "authentication": {
              "type": "Raw",
              "value": "@json(decodeBase64(triggerOutputs().headers['X-MS-APIM-Tokens']))['$ConnectionKey']"
            }
          },
          "runtimeConfiguration": {
            "paginationPolicy": {
              "minimumItemCount": 10000
            }
          }
        },
        "Select_2": {
          "runAfter": {
            "Get_items": [
              "Succeeded"
            ]
          },
          "metadata": {
            "operationMetadataId": "62628c0f-f14f-4633-a52f-3cfd866f0616"
          },
          "type": "Select",
          "inputs": {
            "from": "@outputs('Get_items')?['body/value']",
            "select": {
              "Name": "@item()?['Title']",
              "Brand": "@item()?['Brand']",
              "Model year": "@item()?['Year']",
              "Price": "@item()?['Price']",
              "Link": "@concat('<a href=\"',item()?['Image'],'\">Link to image</a>')",
              "Owner email": "@item()?['Owner']?['email']"
            }
          }
        },
        "Create_HTML_table": {
          "runAfter": {
            "Compose_-_Sort_by_Title": [
              "Succeeded"
            ]
          },
          "metadata": {
            "operationMetadataId": "e4505bab-bfea-413d-a123-888219abf896"
          },
          "type": "Table",
          "inputs": {
            "from": "@outputs('Compose_-_Sort_by_Title')",
            "format": "HTML"
          }
        },
        "Send_an_email_(V2)": {
          "runAfter": {
            "Compose_-_HTML_style": [
              "Succeeded"
            ]
          },
          "metadata": {
            "operationMetadataId": "e8f86194-7d47-4549-b489-1195bd03dbf1"
          },
          "type": "OpenApiConnection",
          "inputs": {
            "host": {
              "connectionName": "shared_office365_1",
              "operationId": "SendEmailV2",
              "apiId": "/providers/Microsoft.PowerApps/apis/shared_office365"
            },
            "parameters": {
              "emailMessage/To": "poweradmin@MABOEJTest.onmicrosoft.com",
              "emailMessage/Subject": "Format Hyperlinks in HTML Table 4 - style",
              "emailMessage/Body": "@{outputs('Compose_-_HTML_style')}\n<h1>List of Super Cars</h1>\n<br>\n<br>\n@{replace(replace(replace(body('Create_HTML_table'), '&lt;','<'),'&gt;','>'),'&quot;','\"')}",
              "emailMessage/Importance": "Normal"
            },
            "authentication": {
              "type": "Raw",
              "value": "@json(decodeBase64(triggerOutputs().headers['X-MS-APIM-Tokens']))['$ConnectionKey']"
            }
          }
        },
        "Compose_-_Sort_by_Title": {
          "runAfter": {
            "Select_2": [
              "Succeeded"
            ]
          },
          "metadata": {
            "operationMetadataId": "b422a659-2646-4a3d-858f-7f443b0b6044"
          },
          "type": "Compose",
          "inputs": "@sort(body('Select_2'),'Name')"
        },
        "Compose_-_HTML_style": {
          "runAfter": {
            "Create_HTML_table": [
              "Succeeded"
            ]
          },
          "metadata": {
            "operationMetadataId": "76fb4675-7db5-40b9-a296-137ecc9375e0"
          },
          "type": "Compose",
          "inputs": "<style>\ntable {\n  border: 1px solid #1C6EA4;\n  background-color: #EEEEEE;\n  width: 100%;\n  text-align: left;\n  border-collapse: collapse;\n}\ntable td, table th {\n  border: 1px solid #AAAAAA;\n  padding: 3px 2px;\n}\ntable tbody td {\n  font-size: 13px;\n}\ntable thead {\n  background: #1C6EA4;\n  border-bottom: 2px solid #444444;\n}\ntable thead th {\n  font-size: 15px;\n  font-weight: bold;\n  color: #FFFFFF;\n  border-left: 2px solid #D0E4F5;\n}\ntable thead th:first-child {\n  border-left: none;\n}\n</style>"
        }
      }
    },
    "templateName": ""
  },
  "schemaVersion": "1.0.0.0"
}