{
  "properties": {
    "connectionReferences": {},
    "definition": {
      "$schema": "https://schema.management.azure.com/providers/Microsoft.Logic/schemas/2016-06-01/workflowdefinition.json#",
      "contentVersion": "1.0.0.0",
      "parameters": {
        "$authentication": {
          "defaultValue": {},
          "type": "SecureObject"
        }
      },
      "triggers": {
        "manual": {
          "metadata": {
            "operationMetadataId": "16a90c32-f31f-4098-9c25-7699e61e1c3e"
          },
          "type": "Request",
          "kind": "Button",
          "inputs": {
            "schema": {
              "type": "object",
              "properties": {},
              "required": []
            }
          }
        }
      },
      "actions": {
        "ClientID": {
          "runAfter": {},
          "metadata": {
            "operationMetadataId": "cc77598d-3236-463e-8963-de585a64a676"
          },
          "type": "InitializeVariable",
          "inputs": {
            "variables": [
              {
                "name": "ClientID",
                "type": "String",
                "value": "5d2a34e9-673c-4180-8ba0-61a346afe1c1"
              }
            ]
          }
        },
        "ClientSecret": {
          "runAfter": {
            "ClientID": [
              "Succeeded"
            ]
          },
          "metadata": {
            "operationMetadataId": "a7f21ab3-58dc-4a28-87a1-0a8f102bd130"
          },
          "type": "InitializeVariable",
          "inputs": {
            "variables": [
              {
                "name": "ClientSecret",
                "type": "String",
                "value": "z6I5NTnwtjS1x1iuU6RfvEj7I2M6v9rlyHVulPqQLTQ="
              }
            ]
          }
        },
        "TenantName": {
          "runAfter": {
            "ClientSecret": [
              "Succeeded"
            ]
          },
          "metadata": {
            "operationMetadataId": "4c17eaed-050f-4e22-814f-70e41d10234a"
          },
          "type": "InitializeVariable",
          "inputs": {
            "variables": [
              {
                "name": "TenantName",
                "type": "String",
                "value": "maboejtest.onmicrosoft.com"
              }
            ]
          }
        },
        "HTTP_-_Use_Graph_to_get_Teams": {
          "runAfter": {
            "TenantName": [
              "Succeeded"
            ]
          },
          "metadata": {
            "operationMetadataId": "e70b6de3-7317-47d8-8a2b-62a3745f52ce"
          },
          "type": "Http",
          "inputs": {
            "method": "GET",
            "uri": "https://graph.microsoft.com/v1.0/groups?$filter=resourceProvisioningOptions/any(c:c+eq+'Team')",
            "authentication": {
              "type": "ActiveDirectoryOAuth",
              "tenant": "@variables('TenantName')",
              "audience": "https://graph.microsoft.com",
              "clientId": "@variables('ClientID')",
              "secret": "@variables('ClientSecret')"
            }
          }
        },
        "Create_HTML_table_-_Teams": {
          "runAfter": {
            "HTTP_-_Use_Graph_to_get_Teams": [
              "Succeeded"
            ]
          },
          "metadata": {
            "operationMetadataId": "49d3b278-dffe-41dd-836c-1f27da426801"
          },
          "type": "Table",
          "inputs": {
            "from": "@body('HTTP_-_Use_Graph_to_get_Teams')?['value']",
            "format": "HTML"
          },
          "description": "body('HTTP_-_Use_Graph_to_get_Teams')?['value']"
        },
        "Compose_-_Number_of_Teams": {
          "runAfter": {
            "Create_HTML_table_-_Teams": [
              "Succeeded"
            ]
          },
          "metadata": {
            "operationMetadataId": "41b9a78e-9757-4096-83d6-1d5eecc327ad"
          },
          "type": "Compose",
          "inputs": "@length(body('HTTP_-_Use_Graph_to_get_Teams')?['value'])",
          "description": "length(body('HTTP_-_Use_Graph_to_get_Teams')?['value'])"
        }
      }
    },
    "templateName": null
  },
  "schemaVersion": "1.0.0.0"
}