{
  "properties": {
    "connectionReferences": {
      "shared_office365groups_1": {
        "runtimeSource": "invoker",
        "connection": {
          "connectionReferenceLogicalName": "maboej_bootcampOffice365Groups"
        },
        "api": {
          "name": "shared_office365groups"
        }
      }
    },
    "definition": {
      "$schema": "https://schema.management.azure.com/providers/Microsoft.Logic/schemas/2016-06-01/workflowdefinition.json#",
      "contentVersion": "1.0.0.0",
      "parameters": {
        "$connections": {
          "defaultValue": {},
          "type": "Object"
        },
        "$authentication": {
          "defaultValue": {},
          "type": "SecureObject"
        }
      },
      "triggers": {
        "manual": {
          "metadata": {
            "operationMetadataId": "16a90c32-f31f-4098-9c25-7699e61e1c3e"
          },
          "type": "Request",
          "kind": "Button",
          "inputs": {
            "schema": {
              "type": "object",
              "properties": {},
              "required": []
            }
          }
        }
      },
      "actions": {
        "Create_HTML_table_-_Teams": {
          "runAfter": {
            "Send_an_HTTP_request_V2": [
              "Succeeded"
            ]
          },
          "metadata": {
            "operationMetadataId": "49d3b278-dffe-41dd-836c-1f27da426801"
          },
          "type": "Table",
          "inputs": {
            "from": "@body('Send_an_HTTP_request_V2')?['value']",
            "format": "HTML"
          },
          "description": "body('Send_an_HTTP_request_V2')?['value']"
        },
        "Compose_-_Number_of_Teams": {
          "runAfter": {
            "Create_HTML_table_-_Teams": [
              "Succeeded"
            ]
          },
          "metadata": {
            "operationMetadataId": "41b9a78e-9757-4096-83d6-1d5eecc327ad"
          },
          "type": "Compose",
          "inputs": "@length(body('Send_an_HTTP_request_V2')?['value'])",
          "description": "length(body('Send_an_HTTP_request_V2')?['value'])"
        },
        "Send_an_HTTP_request_V2": {
          "runAfter": {},
          "metadata": {
            "operationMetadataId": "10929a29-4dc2-4405-a052-7ac9aff5ed15"
          },
          "type": "OpenApiConnection",
          "inputs": {
            "host": {
              "connectionName": "shared_office365groups_1",
              "operationId": "HttpRequestV2",
              "apiId": "/providers/Microsoft.PowerApps/apis/shared_office365groups"
            },
            "parameters": {
              "Uri": "https://graph.microsoft.com/v1.0/groups?$filter=resourceProvisioningOptions/any(c:c+eq+'Team')",
              "Method": "GET",
              "ContentType": "application/json"
            },
            "authentication": {
              "type": "Raw",
              "value": "@json(decodeBase64(triggerOutputs().headers['X-MS-APIM-Tokens']))['$ConnectionKey']"
            }
          }
        }
      }
    },
    "templateName": ""
  },
  "schemaVersion": "1.0.0.0"
}