{
  "properties": {
    "connectionReferences": {
      "shared_office365groups_1": {
        "runtimeSource": "invoker",
        "connection": {
          "connectionReferenceLogicalName": "maboej_bootcampOffice365Groups"
        },
        "api": {
          "name": "shared_office365groups"
        }
      }
    },
    "definition": {
      "$schema": "https://schema.management.azure.com/providers/Microsoft.Logic/schemas/2016-06-01/workflowdefinition.json#",
      "contentVersion": "1.0.0.0",
      "parameters": {
        "$connections": {
          "defaultValue": {},
          "type": "Object"
        },
        "$authentication": {
          "defaultValue": {},
          "type": "SecureObject"
        }
      },
      "triggers": {
        "manual": {
          "metadata": {
            "operationMetadataId": "16a90c32-f31f-4098-9c25-7699e61e1c3e"
          },
          "type": "Request",
          "kind": "Button",
          "inputs": {
            "schema": {
              "type": "object",
              "properties": {},
              "required": []
            }
          }
        }
      },
      "actions": {
        "Initialize_variable_-_Groups": {
          "runAfter": {},
          "metadata": {
            "operationMetadataId": "c76ed697-3379-48a9-a24f-612b5ba69d95"
          },
          "type": "InitializeVariable",
          "inputs": {
            "variables": [
              {
                "name": "groups",
                "type": "string"
              }
            ]
          }
        },
        "Do_until": {
          "actions": {
            "Send_an_HTTP_request": {
              "runAfter": {},
              "metadata": {
                "operationMetadataId": "4198be3c-2333-441b-910d-d951a742c9fd"
              },
              "type": "OpenApiConnection",
              "inputs": {
                "host": {
                  "connectionName": "shared_office365groups_1",
                  "operationId": "HttpRequest",
                  "apiId": "/providers/Microsoft.PowerApps/apis/shared_office365groups"
                },
                "parameters": {
                  "Uri": "@variables('nextlink')",
                  "Method": "GET",
                  "ContentType": "application/json"
                },
                "authentication": {
                  "type": "Raw",
                  "value": "@json(decodeBase64(triggerOutputs().headers['X-MS-APIM-Tokens']))['$ConnectionKey']"
                }
              }
            },
            "Set_variable": {
              "runAfter": {
                "Send_an_HTTP_request": [
                  "Succeeded"
                ]
              },
              "metadata": {
                "operationMetadataId": "ff80d0a1-aa05-4b32-a0bc-42435417a6f3"
              },
              "type": "SetVariable",
              "inputs": {
                "name": "nextlink",
                "value": "@{body('Send_an_HTTP_request')['@odata.nextLink']}"
              }
            },
            "Set_variable_-_if_NextLink_is_not_present_,_set_NextLink_to_Done": {
              "runAfter": {
                "Set_variable": [
                  "TimedOut",
                  "Skipped",
                  "Failed"
                ]
              },
              "metadata": {
                "operationMetadataId": "d69261cf-de1e-4dd0-9b54-105a9d38922f"
              },
              "type": "SetVariable",
              "inputs": {
                "name": "nextlink",
                "value": "done"
              }
            },
            "Append_to_string_variable": {
              "runAfter": {
                "Set_variable_-_if_NextLink_is_not_present_,_set_NextLink_to_Done": [
                  "Succeeded",
                  "Failed",
                  "Skipped",
                  "TimedOut"
                ]
              },
              "metadata": {
                "operationMetadataId": "71569e9f-3a91-44de-b6fc-7a5d3e38e369"
              },
              "type": "AppendToStringVariable",
              "inputs": {
                "name": "groups",
                "value": "@outputs('Send_an_HTTP_request')?['body/value']"
              }
            }
          },
          "runAfter": {
            "Initialize_variable_-_next_link": [
              "Succeeded"
            ]
          },
          "expression": "@equals(variables('nextlink'), 'done')",
          "limit": {
            "count": 500,
            "timeout": "PT1H"
          },
          "metadata": {
            "operationMetadataId": "a7f61063-8386-4ac7-a11c-16f8fa77cf9a"
          },
          "type": "Until"
        },
        "Compose_-_groups": {
          "runAfter": {
            "Do_until": [
              "Succeeded"
            ]
          },
          "metadata": {
            "operationMetadataId": "74e0802a-48e6-4549-bcf1-96742bf057c8"
          },
          "type": "Compose",
          "inputs": "@json(replace(variables('groups'), '][', ','))",
          "description": "json(replace(variables('groups'), '][', ','))"
        },
        "Compose_-_number_of_groups": {
          "runAfter": {
            "Compose_-_groups": [
              "Succeeded"
            ]
          },
          "metadata": {
            "operationMetadataId": "ed864ebf-18be-4316-b618-92bf38403243"
          },
          "type": "Compose",
          "inputs": "@length(outputs('Compose_-_groups'))",
          "description": "length(outputs('Compose_-_groups'))"
        },
        "Filter_array_-_public_groups": {
          "runAfter": {
            "Compose_-_number_of_groups": [
              "Succeeded"
            ]
          },
          "metadata": {
            "operationMetadataId": "e86de47a-66f2-4e4f-a14a-10919fbc01f1"
          },
          "type": "Query",
          "inputs": {
            "from": "@outputs('Compose_-_groups')",
            "where": "@equals(item()?['visibility'], 'Public')"
          }
        },
        "Compose_-_number_of_public_groups": {
          "runAfter": {
            "Filter_array_-_public_groups": [
              "Succeeded"
            ]
          },
          "metadata": {
            "operationMetadataId": "ed864ebf-18be-4316-b618-92bf38403243"
          },
          "type": "Compose",
          "inputs": "@length(body('Filter_array_-_public_groups'))",
          "description": "length(body('Filter_array_-_public_groups'))"
        },
        "Initialize_variable_-_next_link": {
          "runAfter": {
            "Initialize_variable_-_Groups": [
              "Succeeded"
            ]
          },
          "metadata": {
            "operationMetadataId": "6b2beb05-2fcd-4264-86d8-ab8f5d8544e2"
          },
          "type": "InitializeVariable",
          "inputs": {
            "variables": [
              {
                "name": "nextlink",
                "type": "string",
                "value": "https://graph.microsoft.com/v1.0/groups?$filter=groupTypes/any(c:c+eq+'Unified')"
              }
            ]
          },
          "description": "Grouptype = Unified = Microsoft 365 Groups "
        }
      }
    },
    "templateName": ""
  },
  "schemaVersion": "1.0.0.0"
}